{"stats":{"minecraft:custom":{"minecraft:jump":49,"minecraft:time_since_rest":5240,"minecraft:damage_dealt":2,"minecraft:crouch_one_cm":115,"minecraft:leave_game":2,"minecraft:sprint_one_cm":9667,"minecraft:play_time":5934,"minecraft:damage_taken":50,"minecraft:time_since_death":5934,"minecraft:walk_one_cm":16479,"minecraft:sleep_in_bed":1,"minecraft:sneak_time":40,"minecraft:total_world_time":5934,"minecraft:interact_with_anvil":1,"minecraft:talked_to_villager":5,"minecraft:fall_one_cm":478,"minecraft:fly_one_cm":11860},"minecraft:used":{"minecraft:carrot":3,"minecraft:bow":3}},"DataVersion":3953}