{"stats":{"minecraft:killed":{"minecraft:zombie":1,"minecraft:cow":1},"minecraft:custom":{"minecraft:time_since_rest":5838,"minecraft:crouch_one_cm":167,"minecraft:play_time":11948,"minecraft:sprint_one_cm":13699,"minecraft:damage_taken":119,"minecraft:walk_one_cm":25071,"minecraft:sneak_time":72,"minecraft:interact_with_anvil":1,"minecraft:mob_kills":2,"minecraft:drop":1,"minecraft:jump":116,"minecraft:damage_dealt":124,"minecraft:leave_game":3,"minecraft:time_since_death":11948,"minecraft:sleep_in_bed":2,"minecraft:total_world_time":11948,"minecraft:talked_to_villager":5,"minecraft:fall_one_cm":3260,"minecraft:fly_one_cm":20345},"minecraft:dropped":{"minecraft:iron_helmet":1},"minecraft:used":{"minecraft:diamond_sword":2,"minecraft:bow":22,"minecraft:carrot":3}},"DataVersion":3953}