{"stats":{"minecraft:picked_up":{"minecraft:arrow":2,"minecraft:bone":3,"minecraft:rotten_flesh":5,"minecraft:dirt":4,"minecraft:egg":1},"minecraft:killed":{"minecraft:skeleton":2,"minecraft:wolf":1,"minecraft:zombie":2,"minecraft:cow":1},"minecraft:mined":{"minecraft:grass_block":2,"minecraft:dirt":6},"minecraft:custom":{"minecraft:time_since_rest":23838,"minecraft:crouch_one_cm":214,"minecraft:play_time":29948,"minecraft:sprint_one_cm":59266,"minecraft:damage_taken":406,"minecraft:walk_one_cm":82595,"minecraft:damage_blocked_by_shield":639,"minecraft:sneak_time":335,"minecraft:interact_with_anvil":1,"minecraft:mob_kills":6,"minecraft:drop":1,"minecraft:jump":795,"minecraft:damage_dealt":560,"minecraft:leave_game":3,"minecraft:time_since_death":29948,"minecraft:sleep_in_bed":2,"minecraft:climb_one_cm":48,"minecraft:total_world_time":29948,"minecraft:talked_to_villager":6,"minecraft:fall_one_cm":27369,"minecraft:fly_one_cm":170360},"minecraft:dropped":{"minecraft:iron_helmet":1},"minecraft:used":{"minecraft:dirt":3,"minecraft:cooked_mutton":5,"minecraft:diamond_sword":11,"minecraft:bow":26,"minecraft:carrot":9,"minecraft:shield":6}},"DataVersion":3953}