{"stats":{"minecraft:mined":{"minecraft:jungle_leaves":16,"minecraft:grass_block":2,"minecraft:vine":1,"minecraft:jungle_log":45,"minecraft:dirt":6},"minecraft:picked_up":{"minecraft:jungle_log":35,"minecraft:carrot":5,"minecraft:dirt":4,"minecraft:jungle_leaves":3,"minecraft:bone":3,"minecraft:arrow":2,"minecraft:rotten_flesh":5,"minecraft:egg":1},"minecraft:killed":{"minecraft:skeleton":2,"minecraft:wolf":1,"minecraft:zombie":2,"minecraft:cow":1},"minecraft:custom":{"minecraft:time_since_rest":4588,"minecraft:sprint_one_cm":90857,"minecraft:damage_taken":560,"minecraft:walk_one_cm":107108,"minecraft:damage_blocked_by_shield":639,"minecraft:mob_kills":6,"minecraft:interact_with_anvil":1,"minecraft:drop":13,"minecraft:damage_dealt":575,"minecraft:talked_to_villager":6,"minecraft:fly_one_cm":255448,"minecraft:open_chest":6,"minecraft:crouch_one_cm":309,"minecraft:play_time":41948,"minecraft:sneak_time":357,"minecraft:jump":1109,"minecraft:leave_game":3,"minecraft:time_since_death":41948,"minecraft:sleep_in_bed":3,"minecraft:total_world_time":41948,"minecraft:climb_one_cm":3136,"minecraft:fall_one_cm":38011},"minecraft:dropped":{"minecraft:iron_sword":1,"minecraft:iron_chestplate":1,"minecraft:chainmail_boots":1,"minecraft:iron_helmet":2,"minecraft:iron_leggings":1,"minecraft:iron_pickaxe":1,"minecraft:carrot":5,"minecraft:egg":1},"minecraft:used":{"minecraft:cooked_mutton":5,"minecraft:shield":6,"minecraft:diamond_axe":53,"minecraft:diamond_sword":11,"minecraft:dirt":3,"minecraft:bow":26,"minecraft:carrot":15}},"DataVersion":3953}