{"stats":{"minecraft:crafted":{"minecraft:dark_oak_boat":2,"minecraft:crafting_table":1},"minecraft:killed":{"minecraft:sheep":9,"minecraft:skeleton":1,"minecraft:zombie":1,"minecraft:spider":1},"minecraft:picked_up":{"minecraft:crafting_table":2,"minecraft:wheat":7,"minecraft:redstone_block":17,"minecraft:cooked_porkchop":2,"minecraft:dark_oak_boat":2,"minecraft:lava_bucket":1,"minecraft:enchanted_book":1,"minecraft:porkchop":3,"minecraft:oak_log":30,"minecraft:carrot":2,"minecraft:redstone":3,"minecraft:dirt":3,"minecraft:lapis_block":20,"minecraft:lapis_lazuli":6,"minecraft:iron_horse_armor":1,"minecraft:string":1,"minecraft:dark_oak_planks":5,"minecraft:name_tag":1,"minecraft:iron_hoe":1,"minecraft:cooked_mutton":3,"minecraft:iron_shovel":1,"minecraft:arrow":2,"minecraft:rotten_flesh":5,"minecraft:apple":3,"minecraft:diamond":9,"minecraft:bow":1,"minecraft:wheat_seeds":2,"minecraft:gold_nugget":19,"minecraft:raw_gold":55,"minecraft:iron_helmet":1,"minecraft:iron_ingot":39,"minecraft:cooked_chicken":4,"minecraft:oak_boat":2,"minecraft:gray_wool":1,"minecraft:gold_ingot":3,"minecraft:emerald":11,"minecraft:mutton":15,"minecraft:cobblestone":1,"minecraft:coal":1,"minecraft:white_wool":8,"minecraft:egg":1,"minecraft:furnace":1},"minecraft:mined":{"minecraft:dark_oak_planks":6,"minecraft:crafting_table":1,"minecraft:grass_block":2,"minecraft:short_grass":14,"minecraft:coal_ore":1,"minecraft:stone":1},"minecraft:custom":{"minecraft:time_since_rest":17580,"minecraft:sprint_one_cm":13329,"minecraft:damage_taken":591,"minecraft:walk_one_cm":129455,"minecraft:mob_kills":12,"minecraft:drop":7,"minecraft:damage_dealt":1282,"minecraft:swim_one_cm":3850,"minecraft:interact_with_crafting_table":1,"minecraft:fly_one_cm":20653,"minecraft:crouch_one_cm":3351,"minecraft:play_time":26649,"minecraft:deaths":1,"minecraft:sneak_time":1263,"minecraft:walk_under_water_one_cm":814,"minecraft:boat_one_cm":24518,"minecraft:jump":287,"minecraft:leave_game":1,"minecraft:walk_on_water_one_cm":355,"minecraft:time_since_death":17549,"minecraft:total_world_time":26649,"minecraft:fall_one_cm":7068},"minecraft:dropped":{"minecraft:rotten_flesh":5,"minecraft:string":1,"minecraft:egg":1},"minecraft:used":{"minecraft:cooked_mutton":3,"minecraft:dark_oak_planks":17,"minecraft:diamond_pickaxe":2,"minecraft:iron_axe":8,"minecraft:iron_sword":18,"minecraft:dark_oak_boat":3,"minecraft:crafting_table":1,"minecraft:oak_boat":1}},"DataVersion":3953}