{"stats":{"minecraft:picked_up":{"minecraft:string":1},"minecraft:killed":{"minecraft:spider":1},"minecraft:mined":{"minecraft:short_grass":6},"minecraft:custom":{"minecraft:jump":61,"minecraft:time_since_rest":8649,"minecraft:damage_dealt":162,"minecraft:crouch_one_cm":308,"minecraft:sprint_one_cm":1527,"minecraft:leave_game":1,"minecraft:play_time":8649,"minecraft:damage_taken":331,"minecraft:time_since_death":8649,"minecraft:walk_one_cm":17891,"minecraft:sneak_time":83,"minecraft:total_world_time":8649,"minecraft:mob_kills":1,"minecraft:drop":1,"minecraft:fall_one_cm":2671,"minecraft:fly_one_cm":1132},"minecraft:dropped":{"minecraft:string":1},"minecraft:used":{"minecraft:cooked_mutton":1,"minecraft:iron_sword":3}},"DataVersion":3953}