{"stats":{"minecraft:picked_up":{"minecraft:redstone":1,"minecraft:egg":1},"minecraft:mined":{"minecraft:redstone_wire":1,"minecraft:tall_grass":2},"minecraft:custom":{"minecraft:time_since_rest":15255,"minecraft:open_chest":4,"minecraft:crouch_one_cm":790,"minecraft:play_time":15255,"minecraft:sprint_one_cm":40524,"minecraft:walk_one_cm":13460,"minecraft:damage_taken":11,"minecraft:sneak_time":184,"minecraft:jump":482,"minecraft:damage_dealt":36,"minecraft:leave_game":1,"minecraft:time_since_death":15255,"minecraft:walk_on_water_one_cm":276,"minecraft:total_world_time":15255,"minecraft:climb_one_cm":199,"minecraft:talked_to_villager":2,"minecraft:fall_one_cm":209,"minecraft:fly_one_cm":185824},"minecraft:used":{"minecraft:netherite_sword":1,"minecraft:golden_carrot":2,"minecraft:redstone":1,"minecraft:egg":1}},"DataVersion":3953}