{"stats":{"minecraft:picked_up":{"minecraft:redstone":1,"minecraft:string":1,"minecraft:egg":1},"minecraft:killed":{"minecraft:creeper":1},"minecraft:mined":{"minecraft:short_grass":2,"minecraft:redstone_wire":1,"minecraft:tall_grass":2},"minecraft:custom":{"minecraft:time_since_rest":27032,"minecraft:open_chest":4,"minecraft:crouch_one_cm":1047,"minecraft:play_time":27032,"minecraft:sprint_one_cm":72419,"minecraft:walk_one_cm":32177,"minecraft:damage_taken":100,"minecraft:sneak_time":472,"minecraft:mob_kills":1,"minecraft:drop":1,"minecraft:jump":937,"minecraft:damage_dealt":346,"minecraft:leave_game":1,"minecraft:walk_on_water_one_cm":276,"minecraft:time_since_death":27032,"minecraft:climb_one_cm":199,"minecraft:total_world_time":27032,"minecraft:talked_to_villager":2,"minecraft:fall_one_cm":8527,"minecraft:fly_one_cm":328412},"minecraft:dropped":{"minecraft:string":1},"minecraft:used":{"minecraft:netherite_sword":4,"minecraft:golden_carrot":4,"minecraft:redstone":1,"minecraft:egg":1}},"DataVersion":3953}