{"stats":{"minecraft:picked_up":{"minecraft:oak_boat":1,"minecraft:netherite_upgrade_smithing_template":1,"minecraft:redstone":1,"minecraft:string":1,"minecraft:egg":2},"minecraft:killed":{"minecraft:zombie":2,"minecraft:creeper":1},"minecraft:mined":{"minecraft:short_grass":2,"minecraft:redstone_wire":1,"minecraft:tall_grass":2},"minecraft:custom":{"minecraft:time_since_rest":5447,"minecraft:open_chest":4,"minecraft:crouch_one_cm":2687,"minecraft:play_time":45032,"minecraft:sprint_one_cm":104882,"minecraft:walk_one_cm":44337,"minecraft:damage_taken":134,"minecraft:sneak_time":1300,"minecraft:mob_kills":3,"minecraft:boat_one_cm":14200,"minecraft:drop":3,"minecraft:jump":1418,"minecraft:sleep_in_bed":1,"minecraft:damage_dealt":772,"minecraft:leave_game":1,"minecraft:walk_on_water_one_cm":864,"minecraft:time_since_death":45032,"minecraft:climb_one_cm":199,"minecraft:total_world_time":45032,"minecraft:talked_to_villager":10,"minecraft:fall_one_cm":8527,"minecraft:fly_one_cm":592142},"minecraft:dropped":{"minecraft:string":1,"minecraft:grass_block":1,"minecraft:netherite_upgrade_smithing_template":1},"minecraft:used":{"minecraft:netherite_sword":8,"minecraft:golden_carrot":6,"minecraft:grass_block":5,"minecraft:redstone":1,"minecraft:oak_boat":4,"minecraft:egg":8,"minecraft:stone":47}},"DataVersion":3953}