{"stats":{"minecraft:mined":{"minecraft:short_grass":3,"minecraft:coal_ore":22,"minecraft:redstone_wire":1,"minecraft:tall_grass":2,"minecraft:stone":151},"minecraft:picked_up":{"minecraft:redstone":1,"minecraft:string":1,"minecraft:oak_boat":1,"minecraft:netherite_upgrade_smithing_template":1,"minecraft:coal":42,"minecraft:cobblestone":151,"minecraft:egg":2},"minecraft:killed":{"minecraft:zombie":2,"minecraft:creeper":1},"minecraft:custom":{"minecraft:time_since_rest":17447,"minecraft:interact_with_furnace":1,"minecraft:sprint_one_cm":152615,"minecraft:damage_taken":230,"minecraft:walk_one_cm":58637,"minecraft:mob_kills":3,"minecraft:drop":4,"minecraft:inspect_hopper":1,"minecraft:damage_dealt":818,"minecraft:swim_one_cm":906,"minecraft:talked_to_villager":10,"minecraft:fly_one_cm":739564,"minecraft:open_chest":13,"minecraft:crouch_one_cm":10476,"minecraft:play_time":57032,"minecraft:sneak_time":2635,"minecraft:walk_under_water_one_cm":66,"minecraft:boat_one_cm":14200,"minecraft:jump":1945,"minecraft:leave_game":1,"minecraft:time_since_death":57032,"minecraft:walk_on_water_one_cm":1708,"minecraft:sleep_in_bed":1,"minecraft:total_world_time":57032,"minecraft:climb_one_cm":199,"minecraft:fall_one_cm":24608},"minecraft:dropped":{"minecraft:golden_carrot":1,"minecraft:netherite_upgrade_smithing_template":1,"minecraft:string":1,"minecraft:grass_block":1},"minecraft:used":{"minecraft:netherite_sword":9,"minecraft:grass_block":5,"minecraft:redstone":1,"minecraft:stone":47,"minecraft:cobblestone":1,"minecraft:golden_carrot":8,"minecraft:egg":8,"minecraft:netherite_pickaxe":174,"minecraft:oak_boat":4}},"DataVersion":3953}