{"stats":{"minecraft:crafted":{"minecraft:acacia_planks":44},"minecraft:picked_up":{"minecraft:arrow":1,"minecraft:bone":2,"minecraft:acacia_log":11,"minecraft:porkchop":1,"minecraft:dirt":14},"minecraft:mined":{"minecraft:short_grass":5,"minecraft:acacia_log":11,"minecraft:grass_block":10,"minecraft:dirt":4,"minecraft:tall_grass":4},"minecraft:custom":{"minecraft:time_since_rest":6516,"minecraft:play_time":6516,"minecraft:crouch_one_cm":301,"minecraft:sprint_one_cm":14256,"minecraft:damage_taken":50,"minecraft:walk_one_cm":16717,"minecraft:sneak_time":42,"minecraft:mob_kills":1,"minecraft:drop":1,"minecraft:jump":98,"minecraft:damage_dealt":55,"minecraft:leave_game":2,"minecraft:time_since_death":6516,"minecraft:total_world_time":6516,"minecraft:fall_one_cm":1739,"minecraft:fly_one_cm":649},"minecraft:dropped":{"minecraft:dirt":1},"minecraft:used":{"minecraft:dirt":13}},"DataVersion":3953}