{"stats":{"minecraft:mined":{"minecraft:short_grass":5,"minecraft:acacia_log":11,"minecraft:potatoes":9,"minecraft:grass_block":10,"minecraft:dirt":4,"minecraft:tall_grass":4},"minecraft:picked_up":{"minecraft:iron_chestplate":1,"minecraft:chainmail_boots":1,"minecraft:acacia_log":11,"minecraft:potato":9,"minecraft:porkchop":1,"minecraft:dirt":14,"minecraft:iron_leggings":1,"minecraft:bone":3,"minecraft:arrow":1,"minecraft:iron_helmet":1,"minecraft:iron_pickaxe":1,"minecraft:mutton":1,"minecraft:iron_sword":1,"minecraft:white_wool":1},"minecraft:crafted":{"minecraft:cooked_beef":6,"minecraft:chest":1,"minecraft:acacia_planks":44},"minecraft:custom":{"minecraft:time_since_rest":2405,"minecraft:sprint_one_cm":64086,"minecraft:interact_with_furnace":7,"minecraft:damage_taken":365,"minecraft:walk_one_cm":81226,"minecraft:mob_kills":2,"minecraft:drop":2,"minecraft:damage_dealt":66,"minecraft:interact_with_crafting_table":2,"minecraft:fly_one_cm":1643,"minecraft:open_chest":11,"minecraft:crouch_one_cm":1337,"minecraft:play_time":18516,"minecraft:deaths":1,"minecraft:sneak_time":201,"minecraft:walk_under_water_one_cm":434,"minecraft:jump":117,"minecraft:leave_game":2,"minecraft:time_since_death":2363,"minecraft:walk_on_water_one_cm":660,"minecraft:total_world_time":18516,"minecraft:fall_one_cm":1739},"minecraft:dropped":{"minecraft:dirt":1,"minecraft:bone":1},"minecraft:used":{"minecraft:cherry_sapling":1,"minecraft:iron_helmet":1,"minecraft:chest":1,"minecraft:iron_chestplate":1,"minecraft:dirt":13,"minecraft:chainmail_boots":1,"minecraft:cooked_beef":2,"minecraft:iron_leggings":1}},"DataVersion":3953}